"ROI","Phase","Feature","Beta","SE","T","Df","Pvalue","Pfdr"
"LH_AMYG","Onset","MemoryDetail",0.102771353305606,0.0449453570917009,2.28658442063158,23.9399058799981,0.0313635143844594,0.13041230763022
"LH_ContA_Cinga_1","Onset","MemoryDetail",0.0187961516999158,0.0897612246854921,0.209401685034649,27.4892221191024,0.835678809365906,0.949868520477465
"LH_ContA_IPS_1","Onset","MemoryDetail",0.289043227740702,0.140411989447413,2.05853665971277,27.5879310827158,0.0490952875525269,0.172679976908888
"LH_ContA_IPS_2","Onset","MemoryDetail",0.203487692227271,0.116418025912056,1.7479053663132,25.208278236481,0.0926522768551944,0.264350552146289
"LH_ContA_IPS_3","Onset","MemoryDetail",0.232346622010379,0.120322404673283,1.93103373092717,25.7308042710389,0.0645663960523565,0.205805387416886
"LH_ContA_PFCd_1","Onset","MemoryDetail",0.116761150127533,0.0792369037163071,1.47357032709877,26.7560849703111,0.152265950546629,0.359101201289159
"LH_ContA_PFCl_1","Onset","MemoryDetail",0.0802050554690803,0.0951841434137839,0.842630427637652,24.7045701595604,0.407519377035361,0.66507162332171
"LH_ContA_PFCl_2","Onset","MemoryDetail",0.297785853281974,0.105319918292665,2.8274409827634,26.2223863014383,0.00886881849159893,0.0532129109495936
"LH_ContA_PFCl_3","Onset","MemoryDetail",0.419030764622795,0.0988032216296362,4.24106378022299,28.2679733671398,0.000216047364383451,0.00753766555996319
"LH_ContA_PFCl_4","Onset","MemoryDetail",0.183995028237584,0.0949253100371075,1.9383136927934,24.8956706960181,0.0640038465031255,0.205618656482482
"LH_ContA_Temp_1","Onset","MemoryDetail",0.392539453801007,0.0989315428696295,3.96778865885362,25.8408359357319,0.000512948287523263,0.0116268278505273
"LH_ContB_IPL_1","Onset","MemoryDetail",-0.0610334884271318,0.122687591046739,-0.497470754021737,24.3841714947731,0.623313518364855,0.839313252451686
"LH_ContB_PFCl_1","Onset","MemoryDetail",-0.060648024561634,0.0646929933337737,-0.93747439152691,22.0587405333381,0.35866628980599,0.606654843961086
"LH_ContB_PFClv_1","Onset","MemoryDetail",-0.0373875124199406,0.114954464936297,-0.325237583774229,22.4693165969414,0.748010353525771,0.909122229960283
"LH_ContB_PFClv_2","Onset","MemoryDetail",-0.252494662526461,0.106988832524787,-2.36000951284296,22.3033071343006,0.0274262576132443,0.116561594856288
"LH_ContB_Temp_1","Onset","MemoryDetail",0.0239190593728847,0.0752144524168619,0.318011480563839,24.7369696457512,0.753145376780823,0.909122229960283
"LH_ContC_Cingp_1","Onset","MemoryDetail",-0.371928404228582,0.123994603557178,-2.99955315440057,27.4556547876158,0.00569217144779362,0.0393628127237254
"LH_ContC_pCun_1","Onset","MemoryDetail",-0.195747287460304,0.105475911178124,-1.8558482716469,24.8081188714592,0.0753932202948898,0.228091078522041
"LH_ContC_pCun_2","Onset","MemoryDetail",-0.0123468900218861,0.0907759060414211,-0.136015056861589,23.6159263239997,0.892962173635112,0.950454975883004
"LH_DefaultA_IPL_1","Onset","MemoryDetail",-0.127437101518124,0.114102419326549,-1.11686590232072,25.2441165897878,0.274569503298421,0.516724985967365
"LH_DefaultA_PCC_1","Onset","MemoryDetail",-0.218379746801038,0.0841694817110732,-2.59452407644216,25.9135642442708,0.0153828877473394,0.0765392463526156
"LH_DefaultA_PCC_2","Onset","MemoryDetail",-0.313028583768768,0.0708484448652239,-4.4182844713705,25.9740035785093,0.000156341501273459,0.00708748139106349
"LH_DefaultA_PCC_3","Onset","MemoryDetail",-0.22806486436406,0.0725302291292463,-3.14441119381625,25.2682157733247,0.00422259371649202,0.036665843418289
"LH_DefaultA_PFCd_1","Onset","MemoryDetail",0.0130882123934813,0.065773700998199,0.198988534852854,24.0485679184046,0.843944512685027,0.950454975883004
"LH_DefaultA_PFCm_1","Onset","MemoryDetail",-0.152295363978329,0.0630901414990969,-2.41393283260443,25.0310827974704,0.0234235399206609,0.103260771358093
"LH_DefaultA_PFCm_2","Onset","MemoryDetail",-0.255056169848734,0.0722904699250791,-3.52821291814911,25.8315767080428,0.00158943648417769,0.0199882428103578
"LH_DefaultA_PFCm_3","Onset","MemoryDetail",-0.324516440496105,0.0967148648885765,-3.35539361886071,24.9570561868744,0.00253671313878563,0.0265379220672958
"LH_DefaultB_IPL_1","Onset","MemoryDetail",-0.0281575240845639,0.0975674057674348,-0.288595600785791,24.1077106073183,0.775357794355539,0.91991905715683
"LH_DefaultB_PFCd_1","Onset","MemoryDetail",-0.19564832019521,0.120533676081142,-1.62318388151956,21.9663876262236,0.118815356925004,0.308768570862431
"LH_DefaultB_PFCd_2","Onset","MemoryDetail",-0.016797051646457,0.079795841898123,-0.210500337447434,24.2443605682989,0.835036330709672,0.949868520477465
"LH_DefaultB_PFCd_3","Onset","MemoryDetail",-0.135547601835676,0.0901683281808497,-1.50327287386109,23.2360223708802,0.146239531064474,0.348922389908219
"LH_DefaultB_PFCd_4","Onset","MemoryDetail",0.141282215204999,0.0824667381494588,1.71320241803364,23.8150047467756,0.0996659133130516,0.27662375939949
"LH_DefaultB_PFCv_1","Onset","MemoryDetail",-0.103924456264286,0.0587230847138855,-1.76973768954124,21.7453941866091,0.0907935054853695,0.261168228836379
"LH_DefaultB_PFCv_2","Onset","MemoryDetail",0.0382234544428654,0.0543889128470169,0.702780262410813,25.0314121426547,0.488677687438677,0.719785185830253
"LH_DefaultB_PFCv_3","Onset","MemoryDetail",0.209033106052687,0.101113677480898,2.06730791778568,23.7826638969605,0.0497538807168975,0.17350071224354
"LH_DefaultB_PFCv_4","Onset","MemoryDetail",0.21402570867025,0.0628443608811396,3.4056469931335,25.7012809309365,0.00217732863581383,0.0233776337740012
"LH_DefaultB_Temp_1","Onset","MemoryDetail",-0.083170833128249,0.0376304526840978,-2.21020017554549,27.1728407740151,0.0356962885658938,0.136112950793315
"LH_DefaultB_Temp_2","Onset","MemoryDetail",-0.137999266779275,0.0307527281692262,-4.4873829085957,26.0770873779819,0.000129292490084706,0.00659391699431999
"LH_DefaultB_Temp_3","Onset","MemoryDetail",-0.0123985891079912,0.0441980722102355,-0.280523300858355,25.8247641352473,0.781311117826354,0.923985321951166
"LH_DefaultB_Temp_4","Onset","MemoryDetail",-0.073996344477728,0.0989680344505603,-0.747679236922635,22.28354849962,0.462471618425871,0.698846001176872
"LH_DefaultC_IPL_1","Onset","MemoryDetail",0.474439079868476,0.126776673150749,3.74232158075581,27.5060554438832,0.000852471703740768,0.0158094752330106
"LH_DefaultC_PHC_1","Onset","MemoryDetail",0.152489397092461,0.0495390768755867,3.07816388011076,27.6322575783147,0.00466635884359407,0.0378305395032481
"LH_DefaultC_Rsp_1","Onset","MemoryDetail",0.26245243178113,0.0935446842522466,2.80563704799534,27.0065107603951,0.00919888518244605,0.0543934080353332
"LH_DorsAttnA_SPL_1","Onset","MemoryDetail",0.478482587161705,0.120626007864165,3.96666188025153,26.5625118323602,0.000494618807683079,0.0116268278505273
"LH_DorsAttnA_SPL_2","Onset","MemoryDetail",0.413222955705797,0.132457544577827,3.11966341383448,26.2846864199338,0.00435883686875382,0.0370501133844075
"LH_DorsAttnA_SPL_3","Onset","MemoryDetail",0.192122780949438,0.104496176727648,1.83856277775764,26.0415191467529,0.0774114647651821,0.232234394295546
"LH_DorsAttnA_TempOcc_1","Onset","MemoryDetail",0.296109996336409,0.061778259847336,4.79311002071189,27.0295721356907,0.0000529754940778403,0.00659391699431999
"LH_DorsAttnA_TempOcc_2","Onset","MemoryDetail",0.411948349828448,0.0975199286276584,4.22424786016109,26.090594814649,0.00025843310926019,0.00753766555996319
"LH_DorsAttnA_TempOcc_3","Onset","MemoryDetail",0.081575638726047,0.0826074625828389,0.98750931423711,26.3951330047023,0.332359488520148,0.584494272914743
"LH_DorsAttnB_FEF_1","Onset","MemoryDetail",0.266663896953271,0.0631599848012068,4.22203864982843,27.5120827764512,0.000237856776716453,0.00753766555996319
"LH_DorsAttnB_PostC_1","Onset","MemoryDetail",0.14601073068222,0.095542138028302,1.52823386304133,23.7147898462151,0.139684034435332,0.340570494585286
"LH_DorsAttnB_PostC_2","Onset","MemoryDetail",0.0397552883479312,0.110881052329891,0.358539962532573,26.7480616561498,0.722753707700561,0.893724935555407
"LH_DorsAttnB_PostC_3","Onset","MemoryDetail",-0.0671369753936373,0.0683119973167422,-0.98279918653737,25.95385309389,0.334779875589459,0.58589590426492
"LH_DorsAttnB_PostC_4","Onset","MemoryDetail",0.064249130913323,0.0672055184730122,0.956009749989856,24.5678026871606,0.348380670442327,0.599743938989323
"LH_HIPP","Onset","MemoryDetail",0.0261242741013265,0.0436315115007494,0.598747859121906,24.8750897300346,0.554754911964568,0.772491481506975
"LH_Limbic_OFC_1","Onset","MemoryDetail",-0.0274831353354549,0.0358745802309708,-0.766089391388293,24.550883937459,0.450926544894576,0.691646730514989
"LH_Limbic_OFC_2","Onset","MemoryDetail",-0.0580058241508521,0.0251968747433288,-2.30210392128928,3459.89953377646,0.0213884183478984,0.099164485067529
"LH_Limbic_TempPole_1","Onset","MemoryDetail",0.0370626967766531,0.0316659557288667,1.17042722771404,25.2494913985248,0.252757849825272,0.503049769408347
"LH_Limbic_TempPole_2","Onset","MemoryDetail",0.0831033364250563,0.0342038227644349,2.42965053928028,26.73519669262,0.0221145290499261,0.100252531692998
"LH_Limbic_TempPole_3","Onset","MemoryDetail",0.00493997542886997,0.0293378200236731,0.168382498252557,3633.76259647742,0.866291746991489,0.950454975883004
"LH_Limbic_TempPole_4","Onset","MemoryDetail",0.0196151828989004,0.0826772254673121,0.237250134943819,22.3898480276146,0.814620150447496,0.948038019577251
"LH_SalVentAttnA_FrMed_1","Onset","MemoryDetail",-0.0129609766016896,0.0799644928138701,-0.162084146920788,25.8786580819956,0.872498503027823,0.950454975883004
"LH_SalVentAttnA_FrMed_2","Onset","MemoryDetail",0.0817163308750365,0.0805984598934417,1.01386963203854,25.5226243503584,0.32016059516494,0.57291895976884
"LH_SalVentAttnA_Ins_1","Onset","MemoryDetail",-0.00424013271337347,0.0389548338829135,-0.108847408414525,21.7224024993318,0.914322749208999,0.960159327597552
"LH_SalVentAttnA_Ins_2","Onset","MemoryDetail",-0.0343277858358182,0.0531984637092707,-0.645277766354671,25.1123909634502,0.524599495933863,0.74719544422221
"LH_SalVentAttnA_Ins_3","Onset","MemoryDetail",0.135401497705573,0.0868026406418607,1.55987763395617,27.4014819758575,0.130265192057066,0.32407438023953
"LH_SalVentAttnA_ParMed_1","Onset","MemoryDetail",-0.0594525519590755,0.0637256964312759,-0.932944719139967,24.8382225363446,0.359829588820056,0.606654843961086
"LH_SalVentAttnA_ParOper_1","Onset","MemoryDetail",0.0183996671215917,0.0562922882734245,0.326859463097687,3684.14040612032,0.743792750578633,0.908585156395456
"LH_SalVentAttnB_IPL_1","Onset","MemoryDetail",0.112050540603738,0.0857982634168968,1.30597678952173,24.0777856471325,0.203900436604802,0.440166021877032
"LH_SalVentAttnB_PFCl_1","Onset","MemoryDetail",-0.213366713855473,0.089019544653236,-2.39685245174658,22.1756572814221,0.0253925494398517,0.110214469909143
"LH_SalVentAttnB_PFCmp_1","Onset","MemoryDetail",-0.251477303747738,0.111077825773057,-2.26397394797347,22.6794729070896,0.0334596043339345,0.132539015225682
"LH_SalVentAttnB_PFCv_1","Onset","MemoryDetail",-0.0417470357309655,0.0660580645015355,-0.631974854939855,23.3444541875025,0.533544176026018,0.753238836742613
"LH_SomMotA_1","Onset","MemoryDetail",-0.00887903924481499,0.0623399290793958,-0.142429408822501,24.6397445278236,0.887899107638156,0.950454975883004
"LH_SomMotA_2","Onset","MemoryDetail",-0.114129373334143,0.0580620622213274,-1.9656445012079,29.7893160141697,0.0587223660104795,0.194786384815249
"LH_SomMotA_3","Onset","MemoryDetail",-0.0962958852496631,0.102127380538487,-0.942899785952839,26.845504412795,0.354140995909458,0.604558687577653
"LH_SomMotA_4","Onset","MemoryDetail",-0.0106183755124781,0.0621851631634549,-0.170754163409808,27.6990019995038,0.865658285257199,0.950454975883004
"LH_SomMotA_5","Onset","MemoryDetail",-0.0973214435273106,0.0691583964134039,-1.40722527667585,24.6092766737297,0.171865931175222,0.388201061338489
"LH_SomMotA_6","Onset","MemoryDetail",0.0310151301240667,0.073293019507546,0.423166221455421,24.4090270640469,0.67587918253014,0.86444735571253
"LH_SomMotA_7","Onset","MemoryDetail",-0.00429744390275689,0.0662138629695992,-0.064902479783274,23.6825073980679,0.948796399666672,0.964957123588968
"LH_SomMotA_8","Onset","MemoryDetail",-0.0116596595289341,0.109291289483267,-0.106684252551703,25.4325594972728,0.915876569754736,0.960159327597552
"LH_SomMotB_Aud_1","Onset","MemoryDetail",0.191585058395231,0.0709366629421038,2.70079040159524,26.8616600729181,0.0118273791593338,0.0652104148244349
"LH_SomMotB_Aud_2","Onset","MemoryDetail",0.244828051440125,0.110269465682219,2.22027058828492,25.4923932246885,0.0355099850075398,0.136112950793315
"LH_SomMotB_Aud_3","Onset","MemoryDetail",0.0263561661687861,0.0591252719470504,0.445768202003186,26.6311506840764,0.659367736861487,0.854038211553926
"LH_SomMotB_Aud_4","Onset","MemoryDetail",0.0628399836106651,0.0588385311872241,1.06800734727229,21.5435565235532,0.297339186526223,0.546461207669815
"LH_SomMotB_Aud_5","Onset","MemoryDetail",0.0945545002624722,0.0903766904487237,1.04622662982021,27.4809452312051,0.304571976629176,0.554756100288856
"LH_SomMotB_Aud_6","Onset","MemoryDetail",0.0564556119202002,0.0854468346545159,0.660710395516289,22.3559486550497,0.515549346557611,0.738049590861422
"LH_SomMotB_Aud_7","Onset","MemoryDetail",-0.0287057681536713,0.0894642216117099,-0.320863107469479,21.7739954107499,0.75137343260825,0.909122229960283
"LH_SomMotB_Aud_8","Onset","MemoryDetail",0.113886916879392,0.0796319104499497,1.43016682930108,22.1278769058148,0.166638588116498,0.3878493305707
"LH_TempPar_1","Onset","MemoryDetail",0.0676937973246103,0.092212569527308,0.734105964855077,23.2802148508196,0.47021388774608,0.700172504381024
"LH_TempPar_2","Onset","MemoryDetail",0.0686054624464678,0.095611446961663,0.717544442915672,25.6245149442974,0.479529031284605,0.708869002768546
"LH_VisCent_ExStr_1","Onset","MemoryDetail",0.195651035849748,0.0744995780675038,2.62620327423155,26.2038068910146,0.0142320184354324,0.072583294020705
"LH_VisCent_ExStr_2","Onset","MemoryDetail",0.401571726026642,0.136581357930276,2.94016498380139,23.5277376816842,0.00724280228481418,0.0469057671778442
"LH_VisCent_ExStr_3","Onset","MemoryDetail",-0.132596216831461,0.119443665200676,-1.11011510412618,3560.24452173314,0.267024400998851,0.51148335965977
"LH_VisCent_ExStr_4","Onset","MemoryDetail",0.242655180577014,0.12920836160704,1.87801453063076,24.7621131488353,0.0722050347512131,0.221501159236804
"LH_VisCent_ExStr_5","Onset","MemoryDetail",0.407777646553561,0.0942844174177838,4.32497392168906,26.6531959618607,0.000190790498445719,0.00753766555996319
"LH_VisCent_ExStr_6","Onset","MemoryDetail",0.171322486207782,0.093011251030217,1.84195443357841,29.7482227342033,0.0754713127462636,0.228091078522041
"LH_VisPeri_ExStrSup_1","Onset","MemoryDetail",0.177935342019533,0.0455082180224519,3.90996065659497,3686.76226098237,0.000093971805424167,0.00659391699431999
"LH_VisPeri_ExStrSup_2","Onset","MemoryDetail",-0.178141533499964,0.0587548847611077,-3.03194422428488,19.3272268101937,0.00676507720862586,0.0452483852642517
"LH_VisPeri_ExStrSup_3","Onset","MemoryDetail",-0.0243793542976835,0.067038751022957,-0.363660628005061,22.5384914582886,0.719500440066119,0.893724935555407
"LH_VisPeri_ExStrSup_4","Onset","MemoryDetail",-0.173721273930698,0.134237136592089,-1.29413721374727,21.7353726376698,0.209200298221881,0.446878123950406
"LH_VisPeri_ExStrSup_5","Onset","MemoryDetail",-0.108765807806368,0.0949246738492723,-1.14581176206171,23.7263826151685,0.263298807420113,0.509127551788655
"LH_VisPeri_ExStrSup_6","Onset","MemoryDetail",-0.356589999009046,0.121051553605354,-2.94576970215173,20.964948033426,0.00772870423022656,0.0492704894676943
"RH_AMYG","Onset","MemoryDetail",0.126129309361261,0.0383694346841129,3.28723397672276,23.5537815624259,0.00315944958701026,0.0321861599618802
"RH_ContA_Cinga_1","Onset","MemoryDetail",-0.0464197674362616,0.0628601184723124,-0.738461341855533,26.1507403780258,0.466810418562982,0.700172504381024
"RH_ContA_IPS_1","Onset","MemoryDetail",0.030959865029056,0.151735323240943,0.204038613869062,25.4753319658396,0.839944554519513,0.950454975883004
"RH_ContA_IPS_2","Onset","MemoryDetail",0.0289075693072928,0.137636122949411,0.210028942168896,26.1128615898506,0.835275228367601,0.949868520477465
"RH_ContA_PFCd_1","Onset","MemoryDetail",0.0522822445974741,0.0697309932040197,0.749770542411552,26.0525690922488,0.460110481551646,0.697862737818111
"RH_ContA_PFCl_1","Onset","MemoryDetail",0.102123907959676,0.0643082317284316,1.58803787967514,28.0627344320893,0.123482560452926,0.31686090984147
"RH_ContA_PFCl_2","Onset","MemoryDetail",0.217516268076229,0.120392550009337,1.8067253169682,24.903161617205,0.0829042069008909,0.246897200113602
"RH_ContB_IPL_1","Onset","MemoryDetail",-0.811319252643433,0.154923967623948,-5.23688661661943,22.0182688518795,0.0000296676249255018,0.00605219548480236
"RH_ContB_IPL_2","Onset","MemoryDetail",-0.361786000469277,0.139635497414163,-2.59093144056492,24.7806861547073,0.0158072179706566,0.0777029509882878
"RH_ContB_PFCld_1","Onset","MemoryDetail",-0.35081741667003,0.0942782220596447,-3.72108647157227,21.0459620866459,0.00125952302435392,0.0177201859978068
"RH_ContB_PFCld_2","Onset","MemoryDetail",-0.283866814896871,0.0977132831463911,-2.90509954999251,23.5154110062242,0.00786578098200191,0.0493729021639504
"RH_ContB_PFClv_1","Onset","MemoryDetail",-0.217144651142008,0.0710740082349786,-3.0551907305425,25.9849872442174,0.00514730352385028,0.0379360076085157
"RH_ContB_PFClv_2","Onset","MemoryDetail",-0.670228685084917,0.129961307198538,-5.15714022529051,27.019554195718,0.0000199296762638554,0.00605219548480236
"RH_ContB_PFCmp_1","Onset","MemoryDetail",-0.255144215586515,0.0908917818956963,-2.807120844867,22.5549189192464,0.0101188402519554,0.0581477017295465
"RH_ContB_PFCmp_2","Onset","MemoryDetail",-0.318252786061345,0.110891934061976,-2.86993629206141,25.467855633737,0.00814671779877336,0.050361528210599
"RH_ContB_Temp_1","Onset","MemoryDetail",-0.180777587065268,0.0517697561834704,-3.49195361138265,27.6811270821397,0.0016276560527923,0.0199882428103578
"RH_ContB_Temp_2","Onset","MemoryDetail",-0.0173774038924649,0.0977392408426538,-0.177793522260317,26.3317125821452,0.860245828172016,0.950454975883004
"RH_ContC_Cingp_1","Onset","MemoryDetail",-0.329003021804928,0.0837631270943594,-3.92777864458553,25.3238400603388,0.000585503335276478,0.012572913725937
"RH_ContC_pCun_1","Onset","MemoryDetail",-0.255962144423988,0.127895808804686,-2.00133332605821,26.412435617876,0.0557289415684006,0.187912464131466
"RH_ContC_pCun_2","Onset","MemoryDetail",-0.227584637960598,0.0840490234915629,-2.70776064380383,26.5466685786521,0.0116990639072237,0.0652104148244349
"RH_DefaultA_IPL_1","Onset","MemoryDetail",-0.396146546337277,0.122795601593537,-3.22606462443624,22.9887950709422,0.0037397770535675,0.034677932678535
"RH_DefaultA_PCC_1","Onset","MemoryDetail",-0.259495107306102,0.0570099289517689,-4.55175286265727,25.8118479954039,0.000111407816553881,0.00659391699431999
"RH_DefaultA_PFCd_1","Onset","MemoryDetail",-0.174101813440429,0.0644811125004464,-2.70004357383294,22.610875062677,0.0128908175565361,0.0683045917281395
"RH_DefaultA_PFCm_1","Onset","MemoryDetail",-0.371410085600044,0.0868165397211888,-4.27810284529684,23.4697205127694,0.000271239347209751,0.00753766555996319
"RH_DefaultA_PFCm_2","Onset","MemoryDetail",-0.110206707787501,0.0941236832678921,-1.17087117674554,22.0190098871521,0.254166525110414,0.503397777888587
"RH_DefaultA_PFCm_3","Onset","MemoryDetail",-0.34993740258171,0.0944820615079176,-3.70374436159382,23.6145271234066,0.00113238800723731,0.0171116409982527
"RH_DefaultB_AntTemp_1","Onset","MemoryDetail",-0.123087066530219,0.0445516096674622,-2.76279729170176,19.7733724851638,0.0120863208074064,0.0657495851922911
"RH_DefaultB_PFCd_1","Onset","MemoryDetail",-0.291812231593819,0.112448341702789,-2.59507812365169,23.1618603177792,0.0161355359516258,0.0783726031936111
"RH_DefaultB_PFCv_1","Onset","MemoryDetail",-0.0715528129879427,0.0780571643858739,-0.916671948704451,25.5302993644607,0.36789303986593,0.6126545316951
"RH_DefaultB_Temp_1","Onset","MemoryDetail",-0.283354663877476,0.123944029848182,-2.28615016168633,21.586394256579,0.0324385242724657,0.130507487674764
"RH_DefaultC_IPL_1","Onset","MemoryDetail",0.099333139226248,0.149961620082567,0.662390411436981,28.0131372033672,0.513134268378596,0.737879346125956
"RH_DefaultC_PHC_1","Onset","MemoryDetail",0.235585384450946,0.0579756694017612,4.06352159245253,24.9876934880746,0.000421123185438498,0.0107386412286817
"RH_DefaultC_Rsp_1","Onset","MemoryDetail",0.274041469548356,0.0926185565287401,2.95881818740415,28.561959983041,0.00614646673701657,0.0417959738117127
"RH_DorsAttnA_SPL_1","Onset","MemoryDetail",0.459555061627525,0.134078333520945,3.42751173556117,27.244960806582,0.00195075114971903,0.0215109856509558
"RH_DorsAttnA_SPL_2","Onset","MemoryDetail",0.288538705708418,0.11992572386303,2.40597843743653,27.2317799471867,0.0231816169556592,0.103260771358093
"RH_DorsAttnA_SPL_3","Onset","MemoryDetail",0.154367578460606,0.080008360711705,1.92939309201497,22.3833916389157,0.0664546073560058,0.208565229240388
"RH_DorsAttnA_SPL_4","Onset","MemoryDetail",0.357611261801677,0.10090480981944,3.54404574411855,26.1415522372989,0.00150781927848777,0.0198448472781617
"RH_DorsAttnA_TempOcc_1","Onset","MemoryDetail",0.29544690487657,0.0851513268980233,3.46966883123731,27.8445960908737,0.00171467769206501,0.0199882428103578
"RH_DorsAttnA_TempOcc_2","Onset","MemoryDetail",0.0870545018162091,0.0843746232811668,1.03176166518826,29.3790057576381,0.310603140696274,0.56073487346938
"RH_DorsAttnB_FEF_1","Onset","MemoryDetail",0.123376772801033,0.087644728959369,1.40769187452481,28.1772680817423,0.170159387676851,0.3878493305707
"RH_DorsAttnB_PostC_1","Onset","MemoryDetail",0.0823157126940439,0.082602309258765,0.996530404933071,19.9732263763861,0.330913137740805,0.584469957568175
"RH_DorsAttnB_PostC_2","Onset","MemoryDetail",0.159001643750914,0.114121942140531,1.39326093447584,25.4451335912142,0.175593702568601,0.388201061338489
"RH_DorsAttnB_PostC_3","Onset","MemoryDetail",0.0354247874851876,0.0669257650517229,0.529314643737131,25.5483703477602,0.601156698984746,0.823048046424196
"RH_DorsAttnB_PostC_4","Onset","MemoryDetail",0.00489145069915583,0.0847498987445525,0.0577163013952301,25.8175982036618,0.954419004886833,0.964957123588968
"RH_HIPP","Onset","MemoryDetail",0.00933201168903031,0.0423900361958802,0.220146348682224,25.2121817231409,0.827530031821309,0.949868520477465
"RH_Limbic_OFC_1","Onset","MemoryDetail",-0.161403288844307,0.043508520956428,-3.70969376334227,26.8496994651277,0.000955170215451954,0.0167573563413302
"RH_Limbic_OFC_2","Onset","MemoryDetail",-0.0918307021773428,0.0432757364715457,-2.12199051165131,26.7851152960269,0.0432370875615542,0.157506533259947
"RH_Limbic_OFC_3","Onset","MemoryDetail",-0.18902860281805,0.0599326057346538,-3.15401942733738,24.5274379022572,0.00421979466699011,0.036665843418289
"RH_Limbic_OFC_4","Onset","MemoryDetail",-0.416446149570942,0.109671255000273,-3.79722243143753,27.2175972178942,0.000747403279377734,0.0145209779993388
"RH_Limbic_TempPole_1","Onset","MemoryDetail",-0.000839579826415605,0.0353805826058717,-0.0237299604635756,22.1503332253111,0.981280490287227,0.981280490287227
"RH_Limbic_TempPole_2","Onset","MemoryDetail",0.0490811002283706,0.0362945878477929,1.35229804603926,3607.9803693211,0.176364740637876,0.388201061338489
"RH_Limbic_TempPole_3","Onset","MemoryDetail",0.0524855746576352,0.0371025638291294,1.41460775862687,25.7761843743514,0.169150554203678,0.3878493305707
"RH_Limbic_TempPole_4","Onset","MemoryDetail",0.207506955470201,0.0457360305732695,4.5370565147269,25.6831907008479,0.000116995933418223,0.00659391699431999
"RH_SalVentAttnA_FrMed_1","Onset","MemoryDetail",-0.0587219193680365,0.0717519838718047,-0.818401334699703,23.4659326435684,0.421361537654821,0.676992040306599
"RH_SalVentAttnA_FrMed_2","Onset","MemoryDetail",-0.050573311317013,0.0595167733843224,-0.849732074526989,25.7232286832113,0.403313762813452,0.660851466778668
"RH_SalVentAttnA_FrMed_3","Onset","MemoryDetail",-0.110700424952902,0.0523106117552773,-2.11621354135157,25.5715543121357,0.0442259185576335,0.159522757867564
"RH_SalVentAttnA_FrMed_4","Onset","MemoryDetail",0.0323947083841583,0.0721905957927681,0.448738620708317,22.5015297803843,0.657911958187138,0.854038211553926
"RH_SalVentAttnA_Ins_1","Onset","MemoryDetail",-0.00746270843789836,0.049258425674701,-0.15150115611046,26.8040067833229,0.880714920328622,0.950454975883004
"RH_SalVentAttnA_Ins_2","Onset","MemoryDetail",0.189900110652068,0.0493293739160076,3.84963553308841,25.770864019357,0.000699287749195484,0.0142654700835879
"RH_SalVentAttnA_Ins_3","Onset","MemoryDetail",-0.0185319556912219,0.0587991711512059,-0.315173757187253,23.1258186379548,0.755456126442475,0.909221532709527
"RH_SalVentAttnA_ParOper_1","Onset","MemoryDetail",0.0686998137974866,0.103409192447557,0.664349195380545,21.2200288722937,0.513621897793558,0.737879346125956
"RH_SalVentAttnA_PrC_1","Onset","MemoryDetail",0.0945462121079674,0.115759227501137,0.816748816909983,25.6277202337648,0.421599813533069,0.676992040306599
"RH_SalVentAttnB_IPL_1","Onset","MemoryDetail",-0.117150126282183,0.153349311957475,-0.763942953423029,21.202751969796,0.453319301387045,0.692712640321776
"RH_SalVentAttnB_PFCl_1","Onset","MemoryDetail",-0.367312447051407,0.128787975387901,-2.85207097902645,25.1199350193102,0.0085662513396289,0.0521646350234118
"RH_SalVentAttnB_PFCl_2","Onset","MemoryDetail",-0.403413398998453,0.113527728380497,-3.55343496036827,20.7590598445036,0.00190546883697372,0.0215109856509558
"RH_SalVentAttnB_PFCmp_1","Onset","MemoryDetail",-0.323440305057808,0.0898529623146258,-3.59966212271624,21.0442086806934,0.00168057838371018,0.0199882428103578
"RH_SalVentAttnB_PFCv_1","Onset","MemoryDetail",-0.284933075903911,0.0592433257926546,-4.80953883144823,23.6039769509212,0.0000702111847317022,0.00659391699431999
"RH_SalVentAttnB_PFCv_2","Onset","MemoryDetail",-0.168229692228422,0.0892889217268705,-1.88410486961671,23.6869726883152,0.0718825605366004,0.221501159236804
"RH_SomMotA_1","Onset","MemoryDetail",0.110919959434107,0.0919316784204552,1.20654774654291,24.7500002541354,0.239012932089114,0.492511496426053
"RH_SomMotA_10","Onset","MemoryDetail",0.0158319120427827,0.0620500742531824,0.255147350479934,26.7414895110286,0.800561446803573,0.940564125899801
"RH_SomMotA_11","Onset","MemoryDetail",0.0240333412932007,0.103772366990315,0.231596734181112,24.4413446510593,0.818779243504887,0.949039577698846
"RH_SomMotA_2","Onset","MemoryDetail",0.143768335174795,0.085601307160435,1.67951097879081,21.2295478269403,0.107711136849434,0.292224984873996
"RH_SomMotA_3","Onset","MemoryDetail",0.0385479140465427,0.0570142834901405,0.676109769110907,26.0021168842971,0.504940755741826,0.733993922573454
"RH_SomMotA_4","Onset","MemoryDetail",0.122432837981362,0.121762299144936,1.0055069495331,25.3111567454451,0.324169258670813,0.577559203221361
"RH_SomMotA_5","Onset","MemoryDetail",-0.0323504105426017,0.0909448614082118,-0.355714551011242,24.8501760301861,0.725056258992254,0.893724935555407
"RH_SomMotA_6","Onset","MemoryDetail",0.0876464680636681,0.0780068342134402,1.12357422202075,24.0675144201343,0.272276508355191,0.516724985967365
"RH_SomMotA_7","Onset","MemoryDetail",-0.00644892152429818,0.0619227636629599,-0.104144601158293,27.911317652829,0.917799357262366,0.960159327597552
"RH_SomMotA_8","Onset","MemoryDetail",0.0151679800321945,0.0712256835445797,0.212956608871307,24.7301397172046,0.833106541758341,0.949868520477465
"RH_SomMotA_9","Onset","MemoryDetail",0.0312183315225519,0.0669206231651656,0.466497920162854,23.6119073131239,0.645134598848956,0.849080375259271
"RH_SomMotB_S2_1","Onset","MemoryDetail",0.343612864353772,0.125848148098969,2.73037680366619,26.2960608933433,0.0111435809510627,0.0631469587226887
"RH_SomMotB_S2_2","Onset","MemoryDetail",0.331566554443297,0.133521270066563,2.48324895560089,25.750427945517,0.0198630065567134,0.0953424314722245
"RH_SomMotB_S2_3","Onset","MemoryDetail",0.0273268268040397,0.0568988770270265,0.480270055084912,24.0569125767787,0.635373764799815,0.845136972771034
"RH_SomMotB_S2_4","Onset","MemoryDetail",0.107277016008945,0.0815248518062109,1.31588115319668,24.9795663539362,0.200163060294345,0.434396428723897
"RH_SomMotB_S2_5","Onset","MemoryDetail",0.120078263067497,0.100762976576577,1.19169031272355,24.8269889225007,0.244650290676657,0.499096736737514
"RH_SomMotB_S2_6","Onset","MemoryDetail",0.085768591090524,0.0857865037365583,0.999791195056867,3681.98805241494,0.317477267006822,0.570619933651028
"RH_SomMotB_S2_7","Onset","MemoryDetail",0.0343307822614808,0.112630028027923,0.304810207922256,3661.68085718732,0.760528029443947,0.912633635332737
"RH_TempPar_1","Onset","MemoryDetail",0.113848788669307,0.0698258563116563,1.63046748988171,26.2455257037901,0.114946990575943,0.302570142935385
"RH_TempPar_2","Onset","MemoryDetail",0.0560816848225426,0.139752784747488,0.401292073885138,22.4520180560354,0.69199892736815,0.882298632394391
"RH_TempPar_3","Onset","MemoryDetail",-0.0346320728297662,0.13665474886977,-0.253427510688049,22.4342843124953,0.802245872091007,0.940564125899801
"RH_TempPar_4","Onset","MemoryDetail",0.031359742271762,0.108747276143726,0.288372669034167,23.2382108937028,0.775618028583209,0.91991905715683
"RH_VisCent_ExStr_1","Onset","MemoryDetail",0.196542843324979,0.0650262569815225,3.02251509541487,27.4675917336737,0.00537743249559462,0.0379360076085157
"RH_VisCent_ExStr_2","Onset","MemoryDetail",0.398465000252394,0.1303465055255,3.05696726311118,24.1564759343199,0.00539286382670076,0.0379360076085157
"RH_VisCent_ExStr_3","Onset","MemoryDetail",-0.0546449352683465,0.120250565733136,-0.454425598209794,27.3132828010804,0.653113481822633,0.854038211553926
"RH_VisCent_ExStr_4","Onset","MemoryDetail",0.386492024355241,0.142270065879112,2.71660817732134,21.6699278717715,0.0127032451701192,0.0681963688080085
"RH_VisCent_ExStr_5","Onset","MemoryDetail",0.385527472604676,0.105735013982123,3.64616656380128,29.2400585645415,0.00102679879542465,0.0167573563413302
"RH_VisCent_ExStr_6","Onset","MemoryDetail",-0.0102604498328268,0.0897630930038574,-0.114305885520076,3686.32313253102,0.909001542132804,0.960159327597552
"RH_VisPeri_ExStrSup_1","Onset","MemoryDetail",-0.177256114805546,0.0586408962460765,-3.02273884187788,18.4363524394636,0.00717219720665897,0.0469057671778442
"RH_VisPeri_ExStrSup_2","Onset","MemoryDetail",-0.0437942008309722,0.0563346253101998,-0.777394019926905,19.8816410102197,0.446078620976922,0.690863852150817
"RH_VisPeri_ExStrSup_3","Onset","MemoryDetail",-0.202450249979103,0.0887321057555901,-2.28158960339279,22.3577352410646,0.0323813915683978,0.130507487674764
"RH_VisPeri_ExStrSup_4","Onset","MemoryDetail",-0.0139617298974455,0.0888218301634424,-0.157188045683751,21.0956582125632,0.876591394198967,0.950454975883004
"RH_VisPeri_ExStrSup_5","Onset","MemoryDetail",-0.231520983053565,0.106164846276068,-2.18076878717014,21.0987930667497,0.0406612020526783,0.150816094886298
"RH_VisPeri_ExStrSup_6","Onset","MemoryDetail",-0.28731965547275,0.105259058814349,-2.72964302273983,18.0636147648096,0.0137263905687243,0.0708907259751839
"LH_AMYG","Offset","MemoryDetail",0.0619812040693355,0.0535530018150814,1.15738057566515,24.3205077020269,0.258357942067386,0.506779040209104
"LH_ContA_Cinga_1","Offset","MemoryDetail",-0.0132709730078751,0.0862715599580128,-0.15382790127284,25.1068555273991,0.878975228861521,0.950454975883004
"LH_ContA_IPS_1","Offset","MemoryDetail",0.135383776930804,0.114778843724544,1.17951856402831,29.3573337499568,0.247662381251454,0.499096736737514
"LH_ContA_IPS_2","Offset","MemoryDetail",0.0785318942550345,0.0984690619722455,0.797528611343628,28.3985984154851,0.431762378774309,0.676992040306599
"LH_ContA_IPS_3","Offset","MemoryDetail",0.127524977895672,0.107455928065417,1.18676540412026,28.7299041996035,0.245041158286925,0.499096736737514
"LH_ContA_PFCd_1","Offset","MemoryDetail",0.0249682479025062,0.0583528614759324,0.427883865006421,25.3576858576209,0.672347830193128,0.86444735571253
"LH_ContA_PFCl_1","Offset","MemoryDetail",0.0869486147606487,0.0624357166690447,1.39261018211003,27.112437285192,0.175054096649776,0.388201061338489
"LH_ContA_PFCl_2","Offset","MemoryDetail",0.0639988878440474,0.0872218824846376,0.733748068958722,26.5828590128672,0.469524800636995,0.700172504381024
"LH_ContA_PFCl_3","Offset","MemoryDetail",0.160286823005366,0.0735819252015135,2.17834505643064,27.3702034463761,0.0381611166632888,0.14284161099653
"LH_ContA_PFCl_4","Offset","MemoryDetail",0.0235760401968571,0.105725167544188,0.222993642332168,25.8007018764651,0.825296495221382,0.949868520477465
"LH_ContA_Temp_1","Offset","MemoryDetail",0.314070471504408,0.0877683205882881,3.57840356747487,28.8657375526953,0.00124556316574452,0.0177201859978068
"LH_ContB_IPL_1","Offset","MemoryDetail",0.10393692757093,0.0837350649473903,1.24125929365711,3449.1045138341,0.214594387458043,0.453904294059886
"LH_ContB_PFCl_1","Offset","MemoryDetail",-0.0548201123174628,0.0682240258985997,-0.803530890993462,22.8535905344966,0.4299467840201,0.676992040306599
"LH_ContB_PFClv_1","Offset","MemoryDetail",0.0466189056393802,0.0986325526624468,0.472652328069877,28.4516047404495,0.640066972025121,0.845136972771034
"LH_ContB_PFClv_2","Offset","MemoryDetail",-0.125753853518113,0.0736351985137257,-1.70779540296442,22.9053914222999,0.101194548614524,0.278968755640039
"LH_ContB_Temp_1","Offset","MemoryDetail",0.121256036012508,0.073428194988007,1.65135525981964,26.2283043102401,0.110590627184452,0.294908339158539
"LH_ContC_Cingp_1","Offset","MemoryDetail",-0.0463731261992626,0.119946074510358,-0.386616455674487,19.755549337285,0.70317298925897,0.882752552669722
"LH_ContC_pCun_1","Offset","MemoryDetail",-0.0573587113485888,0.0978544181366,-0.586163736301808,24.612572329363,0.563103006522061,0.781449070275514
"LH_ContC_pCun_2","Offset","MemoryDetail",0.0096308673938223,0.0663230216906789,0.145211529093763,28.7563109299323,0.885556914960563,0.950454975883004
"LH_DefaultA_IPL_1","Offset","MemoryDetail",-0.0620230877842569,0.0776122965467216,-0.799139962917085,3543.32815846608,0.424262823110553,0.676992040306599
"LH_DefaultA_PCC_1","Offset","MemoryDetail",-0.14388450709029,0.0700836865941917,-2.05303850414477,24.0540976468595,0.0510982637205214,0.176110488843568
"LH_DefaultA_PCC_2","Offset","MemoryDetail",-0.127813891534819,0.0617193865560639,-2.07088726357832,25.6772825186167,0.0485617083020833,0.172288495541304
"LH_DefaultA_PCC_3","Offset","MemoryDetail",-0.103023167451109,0.0608459387782708,-1.69318067104752,3569.22010521602,0.0905083460031461,0.261168228836379
"LH_DefaultA_PFCd_1","Offset","MemoryDetail",-0.0891024667382274,0.0723390883881999,-1.23173333703168,21.3515022364599,0.231442639529859,0.483412807156715
"LH_DefaultA_PFCm_1","Offset","MemoryDetail",-0.0970932155361242,0.042874676572773,-2.26458187670113,27.4276273949488,0.0316441628808621,0.13041230763022
"LH_DefaultA_PFCm_2","Offset","MemoryDetail",-0.166181056822265,0.0595728985706866,-2.78954123115366,3630.29884186908,0.00530580957499275,0.0379360076085157
"LH_DefaultA_PFCm_3","Offset","MemoryDetail",-0.203245225519425,0.065806278774755,-3.08853849972437,27.46400218869,0.00456618002412579,0.0378305395032481
"LH_DefaultB_IPL_1","Offset","MemoryDetail",0.076583146052392,0.0685581128234547,1.11705446516013,24.4534518112053,0.274826769497349,0.516724985967365
"LH_DefaultB_PFCd_1","Offset","MemoryDetail",-0.235610685373199,0.079962970510166,-2.94649740836285,3631.51231085215,0.0032343935255811,0.0321861599618802
"LH_DefaultB_PFCd_2","Offset","MemoryDetail",-0.135117010632924,0.0674243894281348,-2.00397826037327,22.758584587281,0.0571160259697534,0.191010972095569
"LH_DefaultB_PFCd_3","Offset","MemoryDetail",-0.0961311739765534,0.0709526193364913,-1.35486434293079,3427.59817967261,0.17555007136273,0.388201061338489
"LH_DefaultB_PFCd_4","Offset","MemoryDetail",0.0168536782606679,0.092164377411948,0.182865427336821,24.1770304524375,0.856428417392945,0.950454975883004
"LH_DefaultB_PFCv_1","Offset","MemoryDetail",-0.0719189736837609,0.0446638480929618,-1.61022788574042,17.9752609313161,0.124768618967544,0.317472877801702
"LH_DefaultB_PFCv_2","Offset","MemoryDetail",0.0246136165377129,0.0443984500423727,0.554380085661151,24.571985477211,0.584329743261496,0.805427483955035
"LH_DefaultB_PFCv_3","Offset","MemoryDetail",0.0845593864627021,0.0920391093010634,0.918733211401526,22.8563592205886,0.3678294984702,0.6126545316951
"LH_DefaultB_PFCv_4","Offset","MemoryDetail",0.0532969824356347,0.065095533691039,0.818750218541822,23.3877632443043,0.421193635644386,0.676992040306599
"LH_DefaultB_Temp_1","Offset","MemoryDetail",0.0165042627841362,0.0334395951411058,0.493554503710132,26.7969663312834,0.625641862135021,0.839677236023318
"LH_DefaultB_Temp_2","Offset","MemoryDetail",-0.0316690350882508,0.0296595494400426,-1.06775172536826,3589.64314517476,0.285704320456366,0.532271062768024
"LH_DefaultB_Temp_3","Offset","MemoryDetail",-0.0180222115058844,0.0379088751865909,-0.475408764232056,26.3580111607278,0.638411900716255,0.845136972771034
"LH_DefaultB_Temp_4","Offset","MemoryDetail",0.122641793828603,0.0883704141396368,1.38781508520276,25.9977367464888,0.176974013257252,0.388201061338489
"LH_DefaultC_IPL_1","Offset","MemoryDetail",0.207849182713731,0.126254768952262,1.64626797418101,29.569171198462,0.110297940719418,0.294908339158539
"LH_DefaultC_PHC_1","Offset","MemoryDetail",0.0508094219777326,0.0554813940002738,0.915792093787006,27.4777402451338,0.367743603561604,0.6126545316951
"LH_DefaultC_Rsp_1","Offset","MemoryDetail",-0.0094175121147325,0.0792216732707389,-0.11887545069325,25.9805318419498,0.906288431119728,0.960159327597552
"LH_DorsAttnA_SPL_1","Offset","MemoryDetail",0.125262911013916,0.128742090342228,0.972975587711347,28.120376591401,0.338861187004108,0.588320699139047
"LH_DorsAttnA_SPL_2","Offset","MemoryDetail",0.113611069087004,0.1299483808389,0.874278450824641,26.6799924601172,0.389768849921379,0.641232624064204
"LH_DorsAttnA_SPL_3","Offset","MemoryDetail",-0.147936518309898,0.0988503202785608,-1.49657095589586,28.5064784072893,0.145495826161657,0.348922389908219
"LH_DorsAttnA_TempOcc_1","Offset","MemoryDetail",0.102681094130546,0.064253151254044,1.59807094479406,25.2731029847464,0.122456209693109,0.316216035156889
"LH_DorsAttnA_TempOcc_2","Offset","MemoryDetail",0.169019545768977,0.0948548626645177,1.78187539385055,24.3982063758505,0.087221763206256,0.256017837324838
"LH_DorsAttnA_TempOcc_3","Offset","MemoryDetail",0.0736909908880153,0.0640099835719849,1.15124214654958,26.9722789420275,0.259736189897812,0.507044810900991
"LH_DorsAttnB_FEF_1","Offset","MemoryDetail",0.00254355194518991,0.0630720039207679,0.0403277490340273,24.7583031553998,0.968155279929236,0.970534039830782
"LH_DorsAttnB_PostC_1","Offset","MemoryDetail",-0.0130728036240312,0.0841423076907169,-0.155365403954489,27.2501075512053,0.877678409204953,0.950454975883004
"LH_DorsAttnB_PostC_2","Offset","MemoryDetail",0.00453304418851882,0.0850013492502185,0.0533290851086951,27.0337177823641,0.957861850621402,0.964957123588968
"LH_DorsAttnB_PostC_3","Offset","MemoryDetail",-0.0462080229636533,0.0526119662719917,-0.878279719194841,24.3720267058606,0.38836866452479,0.641232624064204
"LH_DorsAttnB_PostC_4","Offset","MemoryDetail",0.018520000638938,0.0483703241925981,0.38287939864112,3500.31908699704,0.701832435545962,0.882752552669722
"LH_HIPP","Offset","MemoryDetail",0.135639602495004,0.041750084383566,3.24884618792281,22.8412375345103,0.00356121575779874,0.0343411248242694
"LH_Limbic_OFC_1","Offset","MemoryDetail",0.0104903340972258,0.0401120346026141,0.261525853803041,24.6765308060315,0.79585753707171,0.938467847182825
"LH_Limbic_OFC_2","Offset","MemoryDetail",0.0109581174432109,0.0261220484527179,0.419496865379664,3651.77489628779,0.674877721044653,0.86444735571253
"LH_Limbic_TempPole_1","Offset","MemoryDetail",0.0839192063205744,0.0299613127593602,2.8009188714322,25.5805544869984,0.00957033972015781,0.0557814086546341
"LH_Limbic_TempPole_2","Offset","MemoryDetail",0.0880573065456112,0.0381121159641071,2.31048065209869,20.031370046996,0.0316339290430443,0.13041230763022
"LH_Limbic_TempPole_3","Offset","MemoryDetail",0.0679137472361742,0.0293233635600263,2.31602855167524,3585.03494456037,0.02061284929588,0.0977004183646686
"LH_Limbic_TempPole_4","Offset","MemoryDetail",0.0599854940884881,0.073960892823273,0.811043401434071,23.2601653858432,0.425562261805455,0.676992040306599
"LH_SalVentAttnA_FrMed_1","Offset","MemoryDetail",0.015848048822606,0.0524604734901762,0.302095039717353,23.1593546759665,0.765275925355488,0.91563805731683
"LH_SalVentAttnA_FrMed_2","Offset","MemoryDetail",0.0348342750586023,0.0726378040813036,0.479561235353594,23.5996374947298,0.635953832973386,0.845136972771034
"LH_SalVentAttnA_Ins_1","Offset","MemoryDetail",0.0555776778906588,0.0370494611936328,1.50009409314191,26.1487287369305,0.145568520280657,0.348922389908219
"LH_SalVentAttnA_Ins_2","Offset","MemoryDetail",0.112711002044075,0.0505957588636093,2.22767687599883,24.1272442177775,0.0354822837043694,0.136112950793315
"LH_SalVentAttnA_Ins_3","Offset","MemoryDetail",0.180953907763942,0.0884189980014505,2.04655008373849,24.9725862315904,0.0513655592460405,0.176110488843568
"LH_SalVentAttnA_ParMed_1","Offset","MemoryDetail",-0.00335885980424725,0.049325750211197,-0.0680954631174527,22.6140512540867,0.946308158557093,0.964957123588968
"LH_SalVentAttnA_ParOper_1","Offset","MemoryDetail",0.0647879558447915,0.0562209217852127,1.15238160079105,3627.12010563829,0.249240242451892,0.499096736737514
"LH_SalVentAttnB_IPL_1","Offset","MemoryDetail",0.227174223755966,0.0690092958029742,3.29193655887408,3486.13978029267,0.00100491613814874,0.0167573563413302
"LH_SalVentAttnB_PFCl_1","Offset","MemoryDetail",-0.00498982285048431,0.0630145265160422,-0.0791852787978023,25.8425113712447,0.937495250729793,0.964957123588968
"LH_SalVentAttnB_PFCmp_1","Offset","MemoryDetail",-0.072773398311798,0.0669250501810041,-1.08738653336795,22.4399736480715,0.288408228100098,0.534866168476545
"LH_SalVentAttnB_PFCv_1","Offset","MemoryDetail",0.0429528246815451,0.0414063800054926,1.03734798057322,3608.43315684626,0.299643219697752,0.548226159805753
"LH_SomMotA_1","Offset","MemoryDetail",-0.0066722846517497,0.0488789227694999,-0.136506376853157,21.2407318856933,0.892706542205107,0.950454975883004
"LH_SomMotA_2","Offset","MemoryDetail",0.0934382277577041,0.062678140597092,1.49076259869201,24.8545456790474,0.148606959211133,0.352509531151991
"LH_SomMotA_3","Offset","MemoryDetail",0.0148450095946882,0.0980320591833751,0.151430151711081,23.4889712047055,0.880929472364395,0.950454975883004
"LH_SomMotA_4","Offset","MemoryDetail",0.0380571063613438,0.0563607394103987,0.675241431526042,25.8402086259341,0.505520324125345,0.733993922573454
"LH_SomMotA_5","Offset","MemoryDetail",0.0824090436533117,0.0672824878813402,1.22482158802821,25.3924030263962,0.231883842810127,0.483412807156715
"LH_SomMotA_6","Offset","MemoryDetail",0.0268832765154593,0.0484094847988611,0.555330770966846,23.3775376980967,0.583944021417111,0.805427483955035
"LH_SomMotA_7","Offset","MemoryDetail",0.0965120873457219,0.0607230905084137,1.58938035824032,21.6370976402524,0.126480900254425,0.318544489529664
"LH_SomMotA_8","Offset","MemoryDetail",0.0128688982182587,0.0961152654856498,0.133890263458515,25.3690387212382,0.894545859654592,0.950454975883004
"LH_SomMotB_Aud_1","Offset","MemoryDetail",0.0847296021815449,0.0554992085033773,1.52668127107414,23.4175634734494,0.140234909535118,0.340570494585286
"LH_SomMotB_Aud_2","Offset","MemoryDetail",-0.0312954529128588,0.080110817894569,-0.390652020979809,23.5735016927571,0.699562527761768,0.882752552669722
"LH_SomMotB_Aud_3","Offset","MemoryDetail",0.0672518098750665,0.058435257168719,1.15087728083221,23.0651728481821,0.261574521512195,0.508201927509408
"LH_SomMotB_Aud_4","Offset","MemoryDetail",0.0949732041932255,0.066871475993186,1.4202349025899,24.6648377804562,0.168057288992936,0.3878493305707
"LH_SomMotB_Aud_5","Offset","MemoryDetail",0.190847007626971,0.0762892114027191,2.50162511995986,20.708276477367,0.0208331774454073,0.0977004183646686
"LH_SomMotB_Aud_6","Offset","MemoryDetail",0.107516267876865,0.0825385770195621,1.30261838475096,21.0347198038414,0.206786922480577,0.44404770722145
"LH_SomMotB_Aud_7","Offset","MemoryDetail",-0.0269914222729519,0.114618519059275,-0.23548919052944,27.2244795890722,0.815591531548076,0.948038019577251
"LH_SomMotB_Aud_8","Offset","MemoryDetail",0.0156658305806287,0.0747850873153772,0.209478000802006,24.7302537573537,0.835791173655417,0.949868520477465
"LH_TempPar_1","Offset","MemoryDetail",0.153232485867261,0.0633646837964909,2.41826324517613,24.0294378421226,0.0235373817066242,0.103260771358093
"LH_TempPar_2","Offset","MemoryDetail",0.202519435176415,0.103434979882831,1.95793952303008,22.7228667811301,0.0626272843384481,0.205618656482482
"LH_VisCent_ExStr_1","Offset","MemoryDetail",0.0289050202899104,0.0826369797732097,0.349783116096907,29.2044558385752,0.729011418374325,0.894408640166131
"LH_VisCent_ExStr_2","Offset","MemoryDetail",0.0500354123796549,0.135265505102974,0.36990519010419,26.240308873721,0.714421937247478,0.893724935555407
"LH_VisCent_ExStr_3","Offset","MemoryDetail",0.0118334720090679,0.135716241470315,0.0871927477571373,26.4392727263015,0.931175333121505,0.964957123588968
"LH_VisCent_ExStr_4","Offset","MemoryDetail",0.112057443006714,0.145395019954551,0.770710324478389,26.594397902944,0.447672010551609,0.690863852150817
"LH_VisCent_ExStr_5","Offset","MemoryDetail",0.146010025866505,0.1021486336075,1.42938794881525,27.9075056712189,0.163992248534849,0.384533548288611
"LH_VisCent_ExStr_6","Offset","MemoryDetail",0.00456009858530533,0.102367390970357,0.0445463984387943,28.0728928266014,0.964784230119466,0.969536861794932
"LH_VisPeri_ExStrSup_1","Offset","MemoryDetail",0.00367550430697834,0.0643502655884536,0.0571171583111203,24.5848277292092,0.954913564076318,0.964957123588968
"LH_VisPeri_ExStrSup_2","Offset","MemoryDetail",-0.0457124560905102,0.060761316302573,-0.752328271870805,27.0811259955802,0.458343461070732,0.697776612376338
"LH_VisPeri_ExStrSup_3","Offset","MemoryDetail",0.132885012421814,0.0846744936933309,1.56936294066415,24.9781560989616,0.129146042754386,0.323261260391346
"LH_VisPeri_ExStrSup_4","Offset","MemoryDetail",0.0887073113387289,0.0855691778842819,1.03667364268348,26.1221078938339,0.309389768507034,0.56073487346938
"LH_VisPeri_ExStrSup_5","Offset","MemoryDetail",0.00516292594034718,0.0925060959013153,0.0558117374865214,29.2423609103227,0.955871382850319,0.964957123588968
"LH_VisPeri_ExStrSup_6","Offset","MemoryDetail",0.0874401625144699,0.109875850757916,0.795808741514299,27.034296490305,0.433075790490251,0.676992040306599
"RH_AMYG","Offset","MemoryDetail",0.101058690629655,0.0409498876441942,2.4678624641839,21.8421386835294,0.0219085067112061,0.100252531692998
"RH_ContA_Cinga_1","Offset","MemoryDetail",-0.0927864026821312,0.0490935982329661,-1.88998985655579,24.8870428143352,0.0704611046980287,0.219451379517524
"RH_ContA_IPS_1","Offset","MemoryDetail",0.06799974148921,0.139773009047293,0.486501234771312,26.6812303246448,0.630584196507213,0.843535580901452
"RH_ContA_IPS_2","Offset","MemoryDetail",-0.108544542564353,0.112580200050395,-0.964153043925703,28.6110332696399,0.343048225983625,0.59306642458186
"RH_ContA_PFCd_1","Offset","MemoryDetail",-0.133789150088573,0.0610142609152232,-2.19275212190913,27.7527488305652,0.0368750328475092,0.139305679646146
"RH_ContA_PFCl_1","Offset","MemoryDetail",0.0367676877247488,0.0709631740231047,0.518123494768959,24.0306662769663,0.609109977264265,0.825637444265183
"RH_ContA_PFCl_2","Offset","MemoryDetail",-0.0666619497495106,0.126401801221791,-0.52738132768015,22.1785740519631,0.603165112453026,0.823048046424196
"RH_ContB_IPL_1","Offset","MemoryDetail",-0.361825657150913,0.155297534518968,-2.32988668024681,27.9489343922977,0.0272606589292633,0.116561594856288
"RH_ContB_IPL_2","Offset","MemoryDetail",-0.0156778508769968,0.110087235569224,-0.142412976363081,29.2555543288409,0.887730091610595,0.950454975883004
"RH_ContB_PFCld_1","Offset","MemoryDetail",-0.141072735250594,0.0872839293997733,-1.61625096648044,26.5136377667,0.117878267011815,0.3082970060309
"RH_ContB_PFCld_2","Offset","MemoryDetail",-0.259927329287115,0.084901341787105,-3.06152204212388,24.6988549163354,0.00525061604227682,0.0379360076085157
"RH_ContB_PFClv_1","Offset","MemoryDetail",-0.19195968205355,0.0622754322556549,-3.08243034372707,25.5518975569839,0.00487273715794912,0.0378305395032481
"RH_ContB_PFClv_2","Offset","MemoryDetail",-0.421492200612331,0.136246051563034,-3.09361038926937,24.3224416439288,0.00491426125900036,0.0378305395032481
"RH_ContB_PFCmp_1","Offset","MemoryDetail",-0.106657500999139,0.0633449549889425,-1.6837568361641,25.021972838589,0.104665340188949,0.286600394611351
"RH_ContB_PFCmp_2","Offset","MemoryDetail",-0.326706054963538,0.0783592707288142,-4.16933506303552,27.3174258791851,0.000277120057351588,0.00753766555996319
"RH_ContB_Temp_1","Offset","MemoryDetail",-0.106944145477635,0.0594688828607818,-1.79832107705797,24.3193347941379,0.0845519746347215,0.249979751093959
"RH_ContB_Temp_2","Offset","MemoryDetail",0.0718173839958359,0.0933992664516044,0.768928779896239,26.5474696311397,0.448722845146977,0.690863852150817
"RH_ContC_Cingp_1","Offset","MemoryDetail",-0.113502514784417,0.0961145627863404,-1.18090861045406,23.3105264205638,0.249548368368757,0.499096736737514
"RH_ContC_pCun_1","Offset","MemoryDetail",0.0105525490006782,0.118703142719119,0.0888986488390472,25.835425688682,0.929848015404176,0.964957123588968
"RH_ContC_pCun_2","Offset","MemoryDetail",-0.135785607200908,0.0707703369880997,-1.91867967540893,25.9265393728108,0.0660983893288106,0.208565229240388
"RH_DefaultA_IPL_1","Offset","MemoryDetail",-0.0973184854082122,0.0978949416893143,-0.994111480418145,23.5695188998774,0.330265630790767,0.584469957568175
"RH_DefaultA_PCC_1","Offset","MemoryDetail",-0.12255141503149,0.0629904104062794,-1.94555670047315,24.2537155258869,0.063386693606347,0.205618656482482
"RH_DefaultA_PFCd_1","Offset","MemoryDetail",-0.215579655216806,0.0586493085580772,-3.6757407805299,25.2446375953497,0.00112056482740483,0.0171116409982527
"RH_DefaultA_PFCm_1","Offset","MemoryDetail",-0.226302915298162,0.0736285213873001,-3.07357680195376,27.2323542244366,0.00476614044903774,0.0378305395032481
"RH_DefaultA_PFCm_2","Offset","MemoryDetail",-0.0883597827742943,0.0748074976158137,-1.18116212399031,25.5619488920693,0.248411762418931,0.499096736737514
"RH_DefaultA_PFCm_3","Offset","MemoryDetail",-0.233432741470875,0.0889934579920256,-2.62303259967483,25.4592101798254,0.0145172982345424,0.0731241688851025
"RH_DefaultB_AntTemp_1","Offset","MemoryDetail",-0.0158033526650372,0.0365390328932959,-0.432506046648453,3323.50564892915,0.66540171990836,0.859126271274086
"RH_DefaultB_PFCd_1","Offset","MemoryDetail",-0.234184487074078,0.0749944250375012,-3.12269194619431,27.1852706018265,0.00422376137416565,0.036665843418289
"RH_DefaultB_PFCv_1","Offset","MemoryDetail",-0.075056902495655,0.0666841721209426,-1.12555798637684,21.9646900702488,0.272501572166646,0.516724985967365
"RH_DefaultB_Temp_1","Offset","MemoryDetail",0.0182422854509789,0.095206295773062,0.191607974061527,21.2721206259136,0.849866473148414,0.950454975883004
"RH_DefaultC_IPL_1","Offset","MemoryDetail",-0.0541535977497063,0.155313776316127,-0.348672210760503,27.4536063259489,0.729995287194416,0.894408640166131
"RH_DefaultC_PHC_1","Offset","MemoryDetail",0.0356010295246103,0.0552699148717309,0.644130348440601,23.9957053306969,0.525600716891603,0.74719544422221
"RH_DefaultC_Rsp_1","Offset","MemoryDetail",0.0254313125598744,0.104645865931114,0.243022620469454,26.3058660453196,0.809872893871412,0.946785503437066
"RH_DorsAttnA_SPL_1","Offset","MemoryDetail",0.011810976599654,0.137332386581811,0.086002849681914,28.6082222480277,0.93206325714222,0.964957123588968
"RH_DorsAttnA_SPL_2","Offset","MemoryDetail",0.0832969440871505,0.121065726842564,0.688030760311472,27.880381918839,0.49711841933368,0.72958386722353
"RH_DorsAttnA_SPL_3","Offset","MemoryDetail",0.0478429166118478,0.0915813113123065,0.522409167616044,25.9876922636775,0.605810673977981,0.823902516610054
"RH_DorsAttnA_SPL_4","Offset","MemoryDetail",-0.00947112583487499,0.112820435975974,-0.0839486725338656,27.2750561115517,0.933710371994629,0.964957123588968
"RH_DorsAttnA_TempOcc_1","Offset","MemoryDetail",0.128207285245271,0.0770750999358528,1.66340731769371,26.1934253831607,0.108151893911699,0.292224984873996
"RH_DorsAttnA_TempOcc_2","Offset","MemoryDetail",0.0373038620503472,0.0958252953472681,0.389290342546392,23.6357474154271,0.700546721993971,0.882752552669722
"RH_DorsAttnB_FEF_1","Offset","MemoryDetail",-0.0600573032232921,0.0662995527091418,-0.905847788849578,25.8800335143927,0.37337314570364,0.619253022142622
"RH_DorsAttnB_PostC_1","Offset","MemoryDetail",-0.0630201659375643,0.0793420308249761,-0.794284760325622,3664.69401282546,0.427081104609693,0.676992040306599
"RH_DorsAttnB_PostC_2","Offset","MemoryDetail",-0.00897243455183512,0.0859813576265371,-0.104353255165,26.4765016622458,0.917675516939346,0.960159327597552
"RH_DorsAttnB_PostC_3","Offset","MemoryDetail",-0.0428307324755312,0.0637432846209956,-0.671925407204756,26.8987404326924,0.507361804989607,0.734055377431772
"RH_DorsAttnB_PostC_4","Offset","MemoryDetail",0.0343002557647774,0.0575400681316115,0.596110795112762,3668.1931989577,0.551137993944349,0.770083224415392
"RH_HIPP","Offset","MemoryDetail",0.102757854803697,0.0461287410853197,2.22763189252523,24.8915543110332,0.0351809783950889,0.136112950793315
"RH_Limbic_OFC_1","Offset","MemoryDetail",-0.0230018052484853,0.0380424055750565,-0.604635929321121,24.428815960534,0.55099619318903,0.770083224415392
"RH_Limbic_OFC_2","Offset","MemoryDetail",-0.097304051580122,0.0334207169381616,-2.911489055132,3586.45135797122,0.0036192852143225,0.0343411248242694
"RH_Limbic_OFC_3","Offset","MemoryDetail",-0.149749520100432,0.0420203142674766,-3.56374107883188,25.9557571060529,0.00144473827507647,0.01964844054104
"RH_Limbic_OFC_4","Offset","MemoryDetail",-0.174184869845462,0.0853251324652751,-2.04142513246434,21.3015044840822,0.0537888953431196,0.182882244166607
"RH_Limbic_TempPole_1","Offset","MemoryDetail",0.0145971658690456,0.0324993313398939,0.449152806141804,26.1444046678271,0.65702268701607,0.854038211553926
"RH_Limbic_TempPole_2","Offset","MemoryDetail",0.0632753162588561,0.037415581853027,1.69114879750927,3525.010860562,0.0908967855263867,0.261168228836379
"RH_Limbic_TempPole_3","Offset","MemoryDetail",0.0604741651577218,0.0458494352331208,1.31897295681488,26.8868989614202,0.198302135265777,0.432659204216241
"RH_Limbic_TempPole_4","Offset","MemoryDetail",0.0944161959233237,0.0551507307091091,1.71196636398743,24.6113749415369,0.0994775767221387,0.27662375939949
"RH_SalVentAttnA_FrMed_1","Offset","MemoryDetail",0.00870869806537413,0.0529185141042215,0.164568076273317,26.1245569574873,0.870550682431666,0.950454975883004
"RH_SalVentAttnA_FrMed_2","Offset","MemoryDetail",-0.0515835404485654,0.0623058347708513,-0.8279086643856,25.4106526158626,0.415430481310102,0.675281419818811
"RH_SalVentAttnA_FrMed_3","Offset","MemoryDetail",-0.0227154261873113,0.0582860003739721,-0.389723536382074,24.2459047872631,0.700143377175435,0.882752552669722
"RH_SalVentAttnA_FrMed_4","Offset","MemoryDetail",-0.0398500722551256,0.0638340087987504,-0.624276510359251,23.2477327299054,0.538524692322172,0.757648532646366
"RH_SalVentAttnA_Ins_1","Offset","MemoryDetail",0.00293939039682632,0.0468606429776669,0.0627262071121643,20.625997498866,0.950588422178528,0.964957123588968
"RH_SalVentAttnA_Ins_2","Offset","MemoryDetail",0.0657974078732299,0.0463620677529954,1.41920779340086,22.1929271103116,0.169731910340005,0.3878493305707
"RH_SalVentAttnA_Ins_3","Offset","MemoryDetail",0.0396885546977881,0.0494204831512804,0.803079050771277,26.3769892494651,0.429106631845743,0.676992040306599
"RH_SalVentAttnA_ParOper_1","Offset","MemoryDetail",0.0155388912137769,0.086683232518738,0.179260633945763,20.6471854135716,0.859480529125853,0.950454975883004
"RH_SalVentAttnA_PrC_1","Offset","MemoryDetail",-0.159050916103198,0.0742961925454624,-2.14076806164561,25.7151605600901,0.0419484492634105,0.154188894589833
"RH_SalVentAttnB_IPL_1","Offset","MemoryDetail",0.0062126076497137,0.102937049301619,0.0603534654613031,24.6016356818877,0.952361736015056,0.964957123588968
"RH_SalVentAttnB_PFCl_1","Offset","MemoryDetail",-0.128310981794837,0.110161480584883,-1.16475360637487,23.6455084055839,0.255735683909806,0.504058739300488
"RH_SalVentAttnB_PFCl_2","Offset","MemoryDetail",-0.184769101631824,0.0871810769957621,-2.11937163429176,24.0552084491893,0.0445725352865252,0.159522757867564
"RH_SalVentAttnB_PFCmp_1","Offset","MemoryDetail",-0.141586196610481,0.0528669666426675,-2.67816002320455,24.0213789888078,0.0131421921709734,0.0687437744327838
"RH_SalVentAttnB_PFCv_1","Offset","MemoryDetail",-0.1318396256864,0.0581510309655639,-2.26719326376988,24.1024794358182,0.0326268719186911,0.130507487674764
"RH_SalVentAttnB_PFCv_2","Offset","MemoryDetail",-0.109516463671231,0.0637752054071672,-1.71722635735993,23.1359600834326,0.0992969923301963,0.27662375939949
"RH_SomMotA_1","Offset","MemoryDetail",0.0329110553042065,0.0908872374148288,0.362108655079848,23.6647976133288,0.720484417687349,0.893724935555407
"RH_SomMotA_10","Offset","MemoryDetail",0.0851621609775478,0.0546595629002217,1.55804687156037,24.8022375204825,0.131892031129675,0.326133022429743
"RH_SomMotA_11","Offset","MemoryDetail",0.0174464181173127,0.101525316511056,0.171843031047462,25.3532189247963,0.864925239366717,0.950454975883004
"RH_SomMotA_2","Offset","MemoryDetail",0.068235897693656,0.107127108981002,0.636962000960531,26.1653608403849,0.529683663254307,0.750385189610269
"RH_SomMotA_3","Offset","MemoryDetail",0.0266815293392358,0.0528160909867861,0.505178040266387,21.7935139369583,0.618504545559147,0.835595544993814
"RH_SomMotA_4","Offset","MemoryDetail",0.177672727684898,0.108127076120774,1.64318442761224,27.2686148721025,0.111827730168913,0.296270869538419
"RH_SomMotA_5","Offset","MemoryDetail",-0.0160411610271459,0.0818088223790814,-0.196081065105855,24.1345064125996,0.846188374351106,0.950454975883004
"RH_SomMotA_6","Offset","MemoryDetail",0.138790553277597,0.0716322014610964,1.93754415537508,25.1356064796623,0.0639923610163856,0.205618656482482
"RH_SomMotA_7","Offset","MemoryDetail",0.05215762944173,0.0477189898823508,1.09301620948646,26.2007525321428,0.284334871859385,0.532149668434079
"RH_SomMotA_8","Offset","MemoryDetail",-0.0133203024443596,0.0415995307317192,-0.320203190037502,3640.49324293157,0.74883268130619,0.909122229960283
"RH_SomMotA_9","Offset","MemoryDetail",0.0539753922367265,0.0576016448902436,0.93704602254976,24.2796242913355,0.357962971849104,0.606654843961086
"RH_SomMotB_S2_1","Offset","MemoryDetail",-0.0358884778333926,0.100870504328286,-0.355787631601332,25.6238074579773,0.724912078315189,0.893724935555407
"RH_SomMotB_S2_2","Offset","MemoryDetail",0.0961815051527392,0.0843837329613482,1.13981097751145,22.6719482695566,0.266264254227711,0.51148335965977
"RH_SomMotB_S2_3","Offset","MemoryDetail",0.0557445742834109,0.0588335116010342,0.947496975217623,22.2403146635735,0.353567831860926,0.604558687577653
"RH_SomMotB_S2_4","Offset","MemoryDetail",0.0823713796693565,0.0760198023592613,1.08355161567085,21.8825927541764,0.290358768999045,0.536046958152083
"RH_SomMotB_S2_5","Offset","MemoryDetail",0.150678299442218,0.11832109366774,1.27346946154285,24.6819583020659,0.214714531258721,0.453904294059886
"RH_SomMotB_S2_6","Offset","MemoryDetail",0.129467562846561,0.0922902308461392,1.40283063179679,26.2532943995661,0.172383426118444,0.388201061338489
"RH_SomMotB_S2_7","Offset","MemoryDetail",-0.0988548833619165,0.133813895085532,-0.738749016301557,26.7232609476575,0.466498773680218,0.700172504381024
"RH_TempPar_1","Offset","MemoryDetail",-0.0312949747018926,0.0437057666087714,-0.71603765658722,3671.80920535841,0.474013631217625,0.703263860133785
"RH_TempPar_2","Offset","MemoryDetail",0.11024952895871,0.0899029589870742,1.22631702227466,23.49634747053,0.232227721085088,0.483412807156715
"RH_TempPar_3","Offset","MemoryDetail",0.0822631673347704,0.103687385573316,0.793376811267006,21.486275875928,0.436232648305849,0.679324124079338
"RH_TempPar_4","Offset","MemoryDetail",0.0246787880995959,0.0827926506115352,0.298079454121952,22.4738099248585,0.768380892655684,0.916664924571693
"RH_VisCent_ExStr_1","Offset","MemoryDetail",0.0728241305584026,0.0743438844473812,0.979557782051942,26.9128794598592,0.33602853332841,0.58589590426492
"RH_VisCent_ExStr_2","Offset","MemoryDetail",0.197216487642611,0.113036471514007,1.74471553297002,24.6258459752722,0.0935042926099063,0.264928829061401
"RH_VisCent_ExStr_3","Offset","MemoryDetail",0.0976997203127733,0.144497320692582,0.676135168766411,27.9172298643137,0.504518187357374,0.733993922573454
"RH_VisCent_ExStr_4","Offset","MemoryDetail",0.207942156441897,0.131232930707553,1.5845272624848,25.7550324685734,0.125277287563907,0.317472877801702
"RH_VisCent_ExStr_5","Offset","MemoryDetail",0.0665694449033963,0.121278429400878,0.548897650078858,27.0372190202198,0.587580514171164,0.807181312396751
"RH_VisCent_ExStr_6","Offset","MemoryDetail",0.137721261792592,0.11410343048785,1.20698616337619,27.8460322215649,0.237590988265581,0.492066615291153
"RH_VisPeri_ExStrSup_1","Offset","MemoryDetail",-0.0034912951539176,0.0551693013874305,-0.0632832946243007,24.4319977351583,0.950055826707887,0.964957123588968
"RH_VisPeri_ExStrSup_2","Offset","MemoryDetail",0.0956948223272919,0.0627580386012902,1.52482175128597,24.6366220705346,0.140039187978924,0.340570494585286
"RH_VisPeri_ExStrSup_3","Offset","MemoryDetail",0.0187946998795538,0.09629876489952,0.195170726220265,25.8033202560182,0.846787979440463,0.950454975883004
"RH_VisPeri_ExStrSup_4","Offset","MemoryDetail",0.0391508018921993,0.0851434257640803,0.459821783547685,26.4696826985605,0.649398808183664,0.851944417166993
"RH_VisPeri_ExStrSup_5","Offset","MemoryDetail",-0.00590766524364817,0.086442063108981,-0.0683424831751197,27.107302406381,0.946014642840814,0.964957123588968
"RH_VisPeri_ExStrSup_6","Offset","MemoryDetail",-0.0172920102481827,0.1031775401673,-0.167594713153115,25.9277382347606,0.868202503627982,0.950454975883004
